transaction_id,customer_id,umkm_id,product_id,transaction_date,quantity,unit_price,total_amount,payment_method
TXN000001,CUST040,UMKM019,BAT009,2023-01-01,1,281225,281225,Credit Card
TXN000002,CUST005,UMKM011,BAT045,2023-01-23,1,361657,361657,Credit Card
TXN000003,CUST068,UMKM003,BAT031,2023-01-03,1,102772,102772,Credit Card
TXN000004,CUST053,UMKM011,BAT007,2023-01-05,2,239174,478348,E-wallet
TXN000005,CUST196,UMKM005,BAT009,2023-01-20,1,281225,281225,COD
TXN000006,CUST085,UMKM012,BAT029,2023-01-21,3,261038,783114,Transfer
TXN000007,CUST078,UMKM020,BAT027,2023-01-28,3,423907,1271721,Credit Card
TXN000008,CUST112,UMKM004,BAT006,2023-01-19,1,488932,488932,COD
TXN000009,CUST197,UMKM014,BAT023,2023-01-08,2,59305,118610,Transfer
TXN000010,CUST142,UMKM003,BAT042,2023-01-25,1,164985,164985,E-wallet
TXN000011,CUST014,UMKM010,BAT043,2023-01-24,1,439231,439231,Transfer
TXN000012,CUST201,UMKM002,BAT019,2023-01-13,1,381714,381714,Credit Card
TXN000013,CUST058,UMKM016,BAT016,2023-01-17,3,136474,409422,COD
TXN000014,CUST007,UMKM011,BAT024,2023-01-28,1,58834,58834,Credit Card
TXN000015,CUST292,UMKM012,BAT027,2023-01-25,3,423907,1271721,Transfer
TXN000016,CUST242,UMKM001,BAT005,2023-01-01,3,288704,866112,COD
TXN000017,CUST135,UMKM002,BAT014,2023-01-17,1,81571,81571,Credit Card
TXN000018,CUST147,UMKM017,BAT041,2023-01-23,2,492869,985738,Credit Card
TXN000019,CUST206,UMKM018,BAT006,2023-01-09,3,488932,1466796,Transfer
TXN000020,CUST043,UMKM003,BAT020,2023-01-26,3,264845,794535,Transfer
TXN000021,CUST080,UMKM011,BAT035,2023-01-10,2,135477,270954,COD
TXN000022,CUST224,UMKM002,BAT016,2023-01-30,1,136474,136474,COD
TXN000023,CUST223,UMKM015,BAT008,2023-01-10,3,109470,328410,COD
TXN000024,CUST090,UMKM001,BAT008,2023-01-23,3,109470,328410,Transfer
TXN000025,CUST006,UMKM016,BAT011,2023-01-06,2,70032,140064,E-wallet
TXN000026,CUST191,UMKM009,BAT009,2023-01-25,3,281225,843675,COD
TXN000027,CUST016,UMKM014,BAT022,2023-01-09,2,445207,890414,COD
TXN000028,CUST296,UMKM003,BAT041,2023-01-17,2,492869,985738,Credit Card
TXN000029,CUST185,UMKM016,BAT004,2023-01-12,3,316653,949959,Transfer
TXN000030,CUST081,UMKM004,BAT017,2023-01-08,3,288326,864978,COD
TXN000031,CUST261,UMKM002,BAT001,2023-01-02,1,404700,404700,Transfer
TXN000032,CUST242,UMKM013,BAT024,2023-01-30,1,58834,58834,Transfer
TXN000033,CUST019,UMKM014,BAT036,2023-01-08,1,71798,71798,E-wallet
TXN000034,CUST214,UMKM009,BAT021,2023-01-04,1,79451,79451,E-wallet
TXN000035,CUST258,UMKM002,BAT044,2023-01-26,1,74356,74356,Transfer
TXN000036,CUST265,UMKM013,BAT003,2023-01-28,1,132240,132240,Credit Card
TXN000037,CUST145,UMKM011,BAT020,2023-01-01,1,264845,264845,Credit Card
TXN000038,CUST189,UMKM010,BAT013,2023-01-24,3,64662,193986,E-wallet
TXN000039,CUST125,UMKM012,BAT030,2023-01-25,3,138259,414777,Credit Card
TXN000040,CUST101,UMKM008,BAT035,2023-01-30,1,135477,135477,COD
TXN000041,CUST210,UMKM008,BAT002,2023-01-21,3,429372,1288116,E-wallet
TXN000042,CUST005,UMKM001,BAT022,2023-01-28,3,445207,1335621,Credit Card
TXN000043,CUST158,UMKM007,BAT007,2023-01-14,3,239174,717522,Transfer
TXN000044,CUST252,UMKM005,BAT004,2023-01-03,3,316653,949959,E-wallet
TXN000045,CUST023,UMKM017,BAT015,2023-01-15,2,427399,854798,E-wallet
TXN000046,CUST044,UMKM004,BAT038,2023-01-21,3,101173,303519,Transfer
TXN000047,CUST202,UMKM019,BAT005,2023-01-14,3,288704,866112,COD
TXN000048,CUST067,UMKM010,BAT016,2023-01-30,2,136474,272948,E-wallet
TXN000049,CUST202,UMKM011,BAT045,2023-01-09,2,361657,723314,Credit Card
TXN000050,CUST120,UMKM007,BAT005,2023-01-05,1,288704,288704,COD
TXN000051,CUST055,UMKM015,BAT011,2023-01-14,2,70032,140064,E-wallet
TXN000052,CUST062,UMKM012,BAT035,2023-01-10,1,135477,135477,Credit Card
TXN000053,CUST238,UMKM004,BAT017,2023-01-26,1,288326,288326,Transfer
TXN000054,CUST156,UMKM020,BAT045,2023-01-27,1,361657,361657,Transfer
TXN000055,CUST168,UMKM003,BAT010,2023-01-12,3,378235,1134705,Transfer
TXN000056,CUST203,UMKM002,BAT033,2023-01-09,3,105296,315888,E-wallet
TXN000057,CUST090,UMKM013,BAT002,2023-01-04,2,429372,858744,Transfer
TXN000058,CUST237,UMKM005,BAT007,2023-01-02,1,239174,239174,COD
TXN000059,CUST114,UMKM007,BAT009,2023-01-22,2,281225,562450,E-wallet
TXN000060,CUST044,UMKM019,BAT038,2023-01-01,2,101173,202346,COD
TXN000061,CUST034,UMKM015,BAT013,2023-01-29,1,64662,64662,COD
TXN000062,CUST170,UMKM002,BAT008,2023-01-06,2,109470,218940,COD
TXN000063,CUST294,UMKM013,BAT028,2023-01-13,2,62363,124726,COD
TXN000064,CUST219,UMKM012,BAT012,2023-01-09,1,300149,300149,Transfer
TXN000065,CUST144,UMKM005,BAT029,2023-01-21,1,261038,261038,Transfer
TXN000066,CUST152,UMKM014,BAT032,2023-01-02,3,75112,225336,Credit Card
TXN000067,CUST045,UMKM013,BAT018,2023-01-07,1,497988,497988,Credit Card
TXN000068,CUST270,UMKM018,BAT016,2023-01-26,1,136474,136474,Credit Card
TXN000069,CUST184,UMKM018,BAT031,2023-01-30,2,102772,205544,E-wallet
TXN000070,CUST290,UMKM011,BAT033,2023-01-06,2,105296,210592,E-wallet
TXN000071,CUST014,UMKM020,BAT021,2023-01-29,1,79451,79451,COD
TXN000072,CUST144,UMKM016,BAT004,2023-01-25,3,316653,949959,E-wallet
TXN000073,CUST300,UMKM006,BAT015,2023-01-22,1,427399,427399,Transfer
TXN000074,CUST124,UMKM018,BAT018,2023-01-25,3,497988,1493964,COD
TXN000075,CUST113,UMKM013,BAT037,2023-01-06,2,102565,205130,Transfer
TXN000076,CUST122,UMKM011,BAT038,2023-01-30,3,101173,303519,E-wallet
TXN000077,CUST015,UMKM012,BAT045,2023-01-19,3,361657,1084971,Transfer
TXN000078,CUST097,UMKM018,BAT032,2023-01-16,2,75112,150224,Transfer
TXN000079,CUST020,UMKM002,BAT006,2023-01-01,1,488932,488932,Transfer
TXN000080,CUST270,UMKM001,BAT031,2023-01-26,2,102772,205544,Transfer
TXN000081,CUST175,UMKM011,BAT012,2023-02-04,1,300149,300149,COD
TXN000082,CUST073,UMKM017,BAT008,2023-02-11,2,109470,218940,COD
TXN000083,CUST203,UMKM004,BAT038,2023-02-10,2,101173,202346,E-wallet
TXN000084,CUST070,UMKM014,BAT011,2023-02-20,3,70032,210096,Credit Card
TXN000085,CUST163,UMKM018,BAT012,2023-02-07,3,300149,900447,E-wallet
TXN000086,CUST090,UMKM010,BAT025,2023-02-04,3,362391,1087173,E-wallet
TXN000087,CUST091,UMKM019,BAT001,2023-02-05,2,404700,809400,COD
TXN000088,CUST163,UMKM008,BAT040,2023-03-01,3,74890,224670,COD
TXN000089,CUST255,UMKM011,BAT010,2023-02-07,3,378235,1134705,COD
TXN000090,CUST178,UMKM006,BAT021,2023-02-26,3,79451,238353,COD
TXN000091,CUST172,UMKM001,BAT029,2023-02-07,2,261038,522076,Transfer
TXN000092,CUST035,UMKM009,BAT023,2023-02-01,1,59305,59305,COD
TXN000093,CUST198,UMKM014,BAT029,2023-02-15,1,261038,261038,Credit Card
TXN000094,CUST194,UMKM018,BAT023,2023-02-26,2,59305,118610,COD
TXN000095,CUST246,UMKM008,BAT037,2023-02-02,1,102565,102565,Credit Card
TXN000096,CUST018,UMKM001,BAT019,2023-02-03,2,381714,763428,E-wallet
TXN000097,CUST038,UMKM006,BAT022,2023-02-23,2,445207,890414,Transfer
TXN000098,CUST039,UMKM003,BAT036,2023-02-22,2,71798,143596,Credit Card
TXN000099,CUST016,UMKM006,BAT028,2023-02-05,3,62363,187089,Credit Card
TXN000100,CUST028,UMKM011,BAT007,2023-02-13,1,239174,239174,Transfer
TXN000101,CUST284,UMKM009,BAT035,2023-02-09,3,135477,406431,E-wallet
TXN000102,CUST122,UMKM002,BAT007,2023-02-04,2,239174,478348,Credit Card
TXN000103,CUST028,UMKM001,BAT024,2023-02-09,2,58834,117668,COD
TXN000104,CUST246,UMKM004,BAT013,2023-02-05,1,64662,64662,Transfer
TXN000105,CUST150,UMKM016,BAT006,2023-02-25,1,488932,488932,E-wallet
TXN000106,CUST204,UMKM016,BAT031,2023-02-02,3,102772,308316,E-wallet
TXN000107,CUST279,UMKM006,BAT025,2023-02-11,2,362391,724782,Credit Card
TXN000108,CUST096,UMKM002,BAT029,2023-02-14,2,261038,522076,Credit Card
TXN000109,CUST135,UMKM009,BAT015,2023-02-04,3,427399,1282197,COD
TXN000110,CUST050,UMKM012,BAT006,2023-02-24,3,488932,1466796,Credit Card
TXN000111,CUST117,UMKM002,BAT036,2023-02-17,2,71798,143596,Credit Card
TXN000112,CUST244,UMKM008,BAT037,2023-02-02,2,102565,205130,E-wallet
TXN000113,CUST203,UMKM017,BAT003,2023-02-03,3,132240,396720,Transfer
TXN000114,CUST230,UMKM006,BAT012,2023-02-04,1,300149,300149,Transfer
TXN000115,CUST022,UMKM003,BAT028,2023-02-06,3,62363,187089,Credit Card
TXN000116,CUST076,UMKM009,BAT039,2023-02-02,2,295691,591382,COD
TXN000117,CUST199,UMKM013,BAT036,2023-02-27,3,71798,215394,E-wallet
TXN000118,CUST142,UMKM015,BAT034,2023-02-03,1,59880,59880,Credit Card
TXN000119,CUST213,UMKM005,BAT010,2023-03-01,3,378235,1134705,COD
TXN000120,CUST055,UMKM004,BAT037,2023-02-28,2,102565,205130,E-wallet
TXN000121,CUST211,UMKM013,BAT017,2023-02-18,3,288326,864978,Credit Card
TXN000122,CUST243,UMKM006,BAT003,2023-02-04,2,132240,264480,Credit Card
TXN000123,CUST206,UMKM013,BAT003,2023-02-01,2,132240,264480,Transfer
TXN000124,CUST244,UMKM012,BAT018,2023-02-26,1,497988,497988,E-wallet
TXN000125,CUST156,UMKM009,BAT020,2023-02-27,2,264845,529690,COD
TXN000126,CUST117,UMKM010,BAT009,2023-02-24,3,281225,843675,Credit Card
TXN000127,CUST165,UMKM014,BAT018,2023-02-06,3,497988,1493964,COD
TXN000128,CUST227,UMKM014,BAT014,2023-02-24,3,81571,244713,Credit Card
TXN000129,CUST265,UMKM002,BAT024,2023-02-02,3,58834,176502,Transfer
TXN000130,CUST160,UMKM013,BAT033,2023-02-05,1,105296,105296,COD
TXN000131,CUST099,UMKM002,BAT013,2023-02-14,1,64662,64662,COD
TXN000132,CUST026,UMKM007,BAT024,2023-02-26,2,58834,117668,E-wallet
TXN000133,CUST238,UMKM013,BAT033,2023-02-21,3,105296,315888,COD
TXN000134,CUST016,UMKM012,BAT016,2023-02-05,2,136474,272948,Credit Card
TXN000135,CUST243,UMKM018,BAT038,2023-02-05,2,101173,202346,E-wallet
TXN000136,CUST133,UMKM003,BAT045,2023-02-12,2,361657,723314,COD
TXN000137,CUST026,UMKM019,BAT011,2023-02-20,1,70032,70032,Transfer
TXN000138,CUST116,UMKM007,BAT044,2023-02-16,2,74356,148712,Credit Card
TXN000139,CUST005,UMKM005,BAT031,2023-03-21,3,102772,308316,Transfer
TXN000140,CUST005,UMKM009,BAT015,2023-03-24,3,427399,1282197,E-wallet
TXN000141,CUST141,UMKM013,BAT028,2023-03-10,2,62363,124726,Credit Card
TXN000142,CUST112,UMKM010,BAT030,2023-03-20,3,138259,414777,Credit Card
TXN000143,CUST053,UMKM017,BAT001,2023-03-19,3,404700,1214100,E-wallet
TXN000144,CUST145,UMKM004,BAT020,2023-03-12,2,264845,529690,COD
TXN000145,CUST142,UMKM011,BAT041,2023-03-22,2,492869,985738,E-wallet
TXN000146,CUST153,UMKM005,BAT013,2023-03-30,3,64662,193986,Transfer
TXN000147,CUST030,UMKM013,BAT039,2023-03-23,3,295691,887073,E-wallet
TXN000148,CUST072,UMKM016,BAT002,2023-03-31,2,429372,858744,E-wallet
TXN000149,CUST215,UMKM013,BAT026,2023-03-20,3,120678,362034,COD
TXN000150,CUST293,UMKM011,BAT013,2023-03-23,3,64662,193986,Transfer
TXN000151,CUST274,UMKM016,BAT041,2023-03-18,3,492869,1478607,E-wallet
TXN000152,CUST154,UMKM018,BAT011,2023-03-05,1,70032,70032,E-wallet
TXN000153,CUST242,UMKM009,BAT009,2023-03-23,3,281225,843675,Transfer
TXN000154,CUST172,UMKM003,BAT042,2023-03-09,1,164985,164985,E-wallet
TXN000155,CUST158,UMKM011,BAT027,2023-03-20,2,423907,847814,E-wallet
TXN000156,CUST151,UMKM004,BAT030,2023-03-29,2,138259,276518,COD
TXN000157,CUST299,UMKM020,BAT038,2023-03-30,1,101173,101173,Credit Card
TXN000158,CUST100,UMKM004,BAT033,2023-03-18,3,105296,315888,Credit Card
TXN000159,CUST153,UMKM002,BAT027,2023-03-08,1,423907,423907,Transfer
TXN000160,CUST176,UMKM019,BAT027,2023-03-12,2,423907,847814,Transfer
TXN000161,CUST093,UMKM016,BAT006,2023-03-12,2,488932,977864,Transfer
TXN000162,CUST030,UMKM015,BAT001,2023-03-26,2,404700,809400,Transfer
TXN000163,CUST087,UMKM006,BAT037,2023-03-06,2,102565,205130,COD
TXN000164,CUST223,UMKM014,BAT041,2023-03-17,2,492869,985738,Credit Card
TXN000165,CUST197,UMKM002,BAT001,2023-03-25,3,404700,1214100,Transfer
TXN000166,CUST192,UMKM011,BAT001,2023-03-02,3,404700,1214100,Transfer
TXN000167,CUST003,UMKM008,BAT041,2023-03-11,1,492869,492869,E-wallet
TXN000168,CUST067,UMKM013,BAT007,2023-03-07,3,239174,717522,E-wallet
TXN000169,CUST034,UMKM010,BAT003,2023-03-25,2,132240,264480,Credit Card
TXN000170,CUST267,UMKM017,BAT039,2023-03-30,2,295691,591382,Credit Card
TXN000171,CUST069,UMKM016,BAT022,2023-03-07,2,445207,890414,Transfer
TXN000172,CUST207,UMKM008,BAT002,2023-03-08,1,429372,429372,Transfer
TXN000173,CUST012,UMKM017,BAT038,2023-03-13,1,101173,101173,COD
TXN000174,CUST020,UMKM009,BAT025,2023-03-21,3,362391,1087173,COD
TXN000175,CUST025,UMKM004,BAT043,2023-03-03,3,439231,1317693,COD
TXN000176,CUST060,UMKM015,BAT027,2023-03-19,2,423907,847814,COD
TXN000177,CUST130,UMKM005,BAT031,2023-03-11,1,102772,102772,COD
TXN000178,CUST216,UMKM004,BAT043,2023-03-21,3,439231,1317693,E-wallet
TXN000179,CUST071,UMKM004,BAT027,2023-03-11,3,423907,1271721,COD
TXN000180,CUST059,UMKM016,BAT007,2023-03-26,1,239174,239174,Transfer
TXN000181,CUST135,UMKM007,BAT034,2023-03-11,2,59880,119760,Credit Card
TXN000182,CUST083,UMKM018,BAT003,2023-03-24,2,132240,264480,Transfer
TXN000183,CUST247,UMKM008,BAT022,2023-03-23,1,445207,445207,COD
TXN000184,CUST046,UMKM019,BAT008,2023-03-06,3,109470,328410,Credit Card
TXN000185,CUST047,UMKM003,BAT033,2023-03-30,3,105296,315888,COD
TXN000186,CUST132,UMKM008,BAT042,2023-03-10,2,164985,329970,E-wallet
TXN000187,CUST238,UMKM004,BAT004,2023-03-29,1,316653,316653,COD
TXN000188,CUST149,UMKM011,BAT024,2023-03-05,2,58834,117668,COD
TXN000189,CUST024,UMKM005,BAT001,2023-03-12,3,404700,1214100,Transfer
TXN000190,CUST225,UMKM009,BAT040,2023-04-12,3,74890,224670,COD
TXN000191,CUST176,UMKM004,BAT012,2023-04-15,2,300149,600298,Credit Card
TXN000192,CUST140,UMKM016,BAT025,2023-04-04,2,362391,724782,Transfer
TXN000193,CUST068,UMKM002,BAT045,2023-04-14,1,361657,361657,COD
TXN000194,CUST248,UMKM015,BAT037,2023-04-25,1,102565,102565,Credit Card
TXN000195,CUST184,UMKM001,BAT040,2023-04-16,3,74890,224670,Transfer
TXN000196,CUST250,UMKM014,BAT008,2023-04-03,2,109470,218940,COD
TXN000197,CUST134,UMKM011,BAT042,2023-04-22,1,164985,164985,Transfer
TXN000198,CUST174,UMKM017,BAT034,2023-04-14,3,59880,179640,COD
TXN000199,CUST128,UMKM012,BAT031,2023-04-05,3,102772,308316,Credit Card
TXN000200,CUST286,UMKM002,BAT040,2023-04-17,1,74890,74890,Transfer
TXN000201,CUST241,UMKM006,BAT032,2023-04-11,1,75112,75112,Credit Card
TXN000202,CUST124,UMKM009,BAT022,2023-04-18,1,445207,445207,Transfer
TXN000203,CUST194,UMKM008,BAT026,2023-04-15,1,120678,120678,Credit Card
TXN000204,CUST294,UMKM003,BAT029,2023-04-11,2,261038,522076,Credit Card
TXN000205,CUST061,UMKM001,BAT032,2023-04-14,1,75112,75112,Credit Card
TXN000206,CUST019,UMKM018,BAT036,2023-04-26,1,71798,71798,COD
TXN000207,CUST156,UMKM018,BAT033,2023-04-11,1,105296,105296,Credit Card
TXN000208,CUST187,UMKM008,BAT004,2023-04-18,2,316653,633306,E-wallet
TXN000209,CUST243,UMKM012,BAT043,2023-04-04,3,439231,1317693,Credit Card
TXN000210,CUST050,UMKM008,BAT043,2023-04-12,1,439231,439231,E-wallet
TXN000211,CUST150,UMKM017,BAT036,2023-04-02,2,71798,143596,COD
TXN000212,CUST085,UMKM005,BAT032,2023-04-04,3,75112,225336,Credit Card
TXN000213,CUST131,UMKM007,BAT040,2023-04-30,1,74890,74890,COD
TXN000214,CUST202,UMKM015,BAT014,2023-04-04,1,81571,81571,E-wallet
TXN000215,CUST213,UMKM019,BAT003,2023-04-15,1,132240,132240,Credit Card
TXN000216,CUST259,UMKM016,BAT009,2023-04-18,1,281225,281225,COD
TXN000217,CUST222,UMKM016,BAT038,2023-04-23,3,101173,303519,Transfer
TXN000218,CUST297,UMKM005,BAT012,2023-04-22,1,300149,300149,Credit Card
TXN000219,CUST165,UMKM013,BAT033,2023-04-09,2,105296,210592,Transfer
TXN000220,CUST204,UMKM010,BAT022,2023-04-05,2,445207,890414,Transfer
TXN000221,CUST212,UMKM017,BAT039,2023-04-23,2,295691,591382,E-wallet
TXN000222,CUST284,UMKM007,BAT041,2023-04-20,1,492869,492869,Transfer
TXN000223,CUST149,UMKM012,BAT044,2023-04-23,3,74356,223068,Transfer
TXN000224,CUST092,UMKM018,BAT033,2023-04-23,3,105296,315888,E-wallet
TXN000225,CUST060,UMKM018,BAT023,2023-04-22,2,59305,118610,Credit Card
TXN000226,CUST274,UMKM014,BAT019,2023-04-01,1,381714,381714,COD
TXN000227,CUST196,UMKM002,BAT010,2023-04-07,3,378235,1134705,COD
TXN000228,CUST137,UMKM010,BAT011,2023-04-05,3,70032,210096,E-wallet
TXN000229,CUST032,UMKM010,BAT045,2023-04-12,1,361657,361657,COD
TXN000230,CUST232,UMKM020,BAT007,2023-04-24,3,239174,717522,Transfer
TXN000231,CUST288,UMKM008,BAT025,2023-04-23,3,362391,1087173,E-wallet
TXN000232,CUST025,UMKM013,BAT025,2023-04-18,2,362391,724782,E-wallet
TXN000233,CUST028,UMKM009,BAT001,2023-04-27,1,404700,404700,Credit Card
TXN000234,CUST116,UMKM012,BAT041,2023-04-25,3,492869,1478607,Transfer
TXN000235,CUST100,UMKM015,BAT019,2023-04-06,1,381714,381714,COD
TXN000236,CUST089,UMKM004,BAT033,2023-04-14,2,105296,210592,COD
TXN000237,CUST143,UMKM009,BAT036,2023-04-19,1,71798,71798,Transfer
TXN000238,CUST131,UMKM011,BAT001,2023-04-02,2,404700,809400,Transfer
TXN000239,CUST079,UMKM020,BAT021,2023-04-16,1,79451,79451,E-wallet
TXN000240,CUST294,UMKM012,BAT036,2023-04-17,1,71798,71798,E-wallet
TXN000241,CUST113,UMKM017,BAT012,2023-04-14,1,300149,300149,Transfer
TXN000242,CUST279,UMKM013,BAT035,2023-04-08,1,135477,135477,E-wallet
TXN000243,CUST110,UMKM011,BAT043,2023-04-10,2,439231,878462,E-wallet
TXN000244,CUST112,UMKM017,BAT040,2023-04-04,2,74890,149780,COD
TXN000245,CUST178,UMKM008,BAT029,2023-04-02,3,261038,783114,Transfer
TXN000246,CUST165,UMKM004,BAT025,2023-04-18,2,362391,724782,E-wallet
TXN000247,CUST145,UMKM017,BAT002,2023-04-16,2,429372,858744,Credit Card
TXN000248,CUST023,UMKM007,BAT019,2023-04-04,2,381714,763428,COD
TXN000249,CUST086,UMKM018,BAT035,2023-04-07,1,135477,135477,COD
TXN000250,CUST110,UMKM014,BAT044,2023-04-18,1,74356,74356,Transfer
TXN000251,CUST223,UMKM003,BAT042,2023-04-01,3,164985,494955,Transfer
TXN000252,CUST236,UMKM002,BAT022,2023-04-02,1,445207,445207,COD
TXN000253,CUST092,UMKM018,BAT017,2023-04-30,1,288326,288326,Transfer
TXN000254,CUST133,UMKM013,BAT027,2023-04-14,2,423907,847814,Credit Card
TXN000255,CUST162,UMKM013,BAT002,2023-04-18,3,429372,1288116,COD
TXN000256,CUST004,UMKM020,BAT042,2023-04-23,1,164985,164985,COD
TXN000257,CUST038,UMKM017,BAT023,2023-04-26,1,59305,59305,E-wallet
TXN000258,CUST155,UMKM003,BAT039,2023-04-13,2,295691,591382,Credit Card
TXN000259,CUST203,UMKM001,BAT043,2023-04-18,2,439231,878462,Transfer
TXN000260,CUST113,UMKM013,BAT009,2023-04-21,3,281225,843675,E-wallet
TXN000261,CUST074,UMKM012,BAT020,2023-04-04,1,264845,264845,Transfer
TXN000262,CUST003,UMKM020,BAT037,2023-05-10,2,102565,205130,COD
TXN000263,CUST108,UMKM007,BAT023,2023-05-06,2,59305,118610,Transfer
TXN000264,CUST095,UMKM020,BAT015,2023-05-04,2,427399,854798,Transfer
TXN000265,CUST093,UMKM019,BAT043,2023-05-21,1,439231,439231,Credit Card
TXN000266,CUST282,UMKM010,BAT005,2023-05-09,3,288704,866112,COD
TXN000267,CUST051,UMKM019,BAT013,2023-05-12,2,64662,129324,E-wallet
TXN000268,CUST066,UMKM008,BAT043,2023-05-20,1,439231,439231,E-wallet
TXN000269,CUST036,UMKM011,BAT013,2023-05-11,2,64662,129324,Credit Card
TXN000270,CUST157,UMKM019,BAT045,2023-05-26,1,361657,361657,E-wallet
TXN000271,CUST162,UMKM006,BAT028,2023-05-08,1,62363,62363,E-wallet
TXN000272,CUST114,UMKM014,BAT042,2023-05-05,2,164985,329970,E-wallet
TXN000273,CUST170,UMKM015,BAT031,2023-05-25,2,102772,205544,E-wallet
TXN000274,CUST157,UMKM018,BAT032,2023-05-21,1,75112,75112,Transfer
TXN000275,CUST042,UMKM005,BAT018,2023-05-09,3,497988,1493964,Transfer
TXN000276,CUST040,UMKM001,BAT005,2023-05-27,3,288704,866112,COD
TXN000277,CUST298,UMKM013,BAT038,2023-05-30,3,101173,303519,Transfer
TXN000278,CUST019,UMKM009,BAT036,2023-05-21,3,71798,215394,Credit Card
TXN000279,CUST077,UMKM013,BAT024,2023-05-05,1,58834,58834,E-wallet
TXN000280,CUST238,UMKM017,BAT033,2023-05-12,1,105296,105296,Credit Card
TXN000281,CUST258,UMKM008,BAT001,2023-05-25,3,404700,1214100,Transfer
TXN000282,CUST264,UMKM015,BAT009,2023-05-19,1,281225,281225,Transfer
TXN000283,CUST290,UMKM005,BAT043,2023-05-12,3,439231,1317693,Credit Card
TXN000284,CUST021,UMKM016,BAT015,2023-05-09,1,427399,427399,COD
TXN000285,CUST190,UMKM002,BAT015,2023-05-17,3,427399,1282197,Transfer
TXN000286,CUST185,UMKM016,BAT025,2023-05-02,2,362391,724782,COD
TXN000287,CUST166,UMKM017,BAT007,2023-05-27,3,239174,717522,E-wallet
TXN000288,CUST135,UMKM018,BAT038,2023-05-13,3,101173,303519,Transfer
TXN000289,CUST194,UMKM019,BAT024,2023-05-17,3,58834,176502,COD
TXN000290,CUST129,UMKM008,BAT025,2023-05-12,3,362391,1087173,Credit Card
TXN000291,CUST177,UMKM016,BAT032,2023-05-17,3,75112,225336,COD
TXN000292,CUST072,UMKM006,BAT029,2023-05-17,1,261038,261038,COD
TXN000293,CUST144,UMKM005,BAT014,2023-05-12,1,81571,81571,Transfer
TXN000294,CUST061,UMKM008,BAT043,2023-05-24,2,439231,878462,E-wallet
TXN000295,CUST059,UMKM016,BAT031,2023-05-19,2,102772,205544,Transfer
TXN000296,CUST083,UMKM014,BAT042,2023-05-02,1,164985,164985,Transfer
TXN000297,CUST066,UMKM019,BAT037,2023-05-21,1,102565,102565,Transfer
TXN000298,CUST263,UMKM019,BAT003,2023-05-06,1,132240,132240,COD
TXN000299,CUST133,UMKM017,BAT012,2023-05-29,2,300149,600298,COD
TXN000300,CUST146,UMKM007,BAT006,2023-05-28,2,488932,977864,Credit Card
TXN000301,CUST247,UMKM008,BAT011,2023-05-26,2,70032,140064,Transfer
TXN000302,CUST299,UMKM020,BAT012,2023-05-06,3,300149,900447,E-wallet
TXN000303,CUST176,UMKM020,BAT030,2023-05-08,3,138259,414777,COD
TXN000304,CUST194,UMKM005,BAT025,2023-05-07,1,362391,362391,COD
TXN000305,CUST268,UMKM014,BAT033,2023-05-06,1,105296,105296,COD
TXN000306,CUST244,UMKM020,BAT040,2023-05-03,1,74890,74890,COD
TXN000307,CUST247,UMKM005,BAT043,2023-05-29,3,439231,1317693,COD
TXN000308,CUST221,UMKM014,BAT034,2023-05-23,2,59880,119760,COD
TXN000309,CUST272,UMKM008,BAT028,2023-05-12,2,62363,124726,Credit Card
TXN000310,CUST295,UMKM014,BAT007,2023-05-16,1,239174,239174,E-wallet
TXN000311,CUST120,UMKM010,BAT006,2023-05-09,3,488932,1466796,Credit Card
TXN000312,CUST097,UMKM001,BAT001,2023-05-17,3,404700,1214100,COD
TXN000313,CUST004,UMKM007,BAT025,2023-05-14,3,362391,1087173,E-wallet
TXN000314,CUST055,UMKM014,BAT010,2023-06-08,3,378235,1134705,E-wallet
TXN000315,CUST275,UMKM019,BAT028,2023-06-21,2,62363,124726,E-wallet
TXN000316,CUST204,UMKM014,BAT014,2023-06-05,3,81571,244713,Credit Card
TXN000317,CUST190,UMKM018,BAT036,2023-06-09,2,71798,143596,E-wallet
TXN000318,CUST296,UMKM013,BAT023,2023-06-27,3,59305,177915,Transfer
TXN000319,CUST061,UMKM015,BAT015,2023-06-03,3,427399,1282197,Transfer
TXN000320,CUST110,UMKM013,BAT033,2023-06-05,2,105296,210592,COD
TXN000321,CUST200,UMKM001,BAT041,2023-06-15,1,492869,492869,Transfer
TXN000322,CUST223,UMKM003,BAT006,2023-06-11,2,488932,977864,Transfer
TXN000323,CUST041,UMKM002,BAT039,2023-06-29,3,295691,887073,Credit Card
TXN000324,CUST206,UMKM017,BAT040,2023-06-24,2,74890,149780,COD
TXN000325,CUST090,UMKM016,BAT041,2023-06-06,2,492869,985738,COD
TXN000326,CUST266,UMKM007,BAT019,2023-06-19,1,381714,381714,Transfer
TXN000327,CUST087,UMKM002,BAT044,2023-06-20,2,74356,148712,Transfer
TXN000328,CUST001,UMKM003,BAT011,2023-06-11,2,70032,140064,Credit Card
TXN000329,CUST203,UMKM019,BAT026,2023-06-23,1,120678,120678,COD
TXN000330,CUST036,UMKM018,BAT006,2023-06-11,2,488932,977864,E-wallet
TXN000331,CUST142,UMKM020,BAT015,2023-06-29,1,427399,427399,Credit Card
TXN000332,CUST207,UMKM001,BAT037,2023-06-13,2,102565,205130,Transfer
TXN000333,CUST260,UMKM018,BAT007,2023-06-10,1,239174,239174,E-wallet
TXN000334,CUST060,UMKM009,BAT033,2023-06-22,3,105296,315888,E-wallet
TXN000335,CUST227,UMKM019,BAT025,2023-06-24,2,362391,724782,Transfer
TXN000336,CUST174,UMKM015,BAT030,2023-06-15,3,138259,414777,COD
TXN000337,CUST060,UMKM003,BAT017,2023-06-21,2,288326,576652,Transfer
TXN000338,CUST118,UMKM014,BAT021,2023-06-22,2,79451,158902,COD
TXN000339,CUST135,UMKM010,BAT016,2023-06-21,1,136474,136474,Credit Card
TXN000340,CUST176,UMKM018,BAT005,2023-06-10,1,288704,288704,Credit Card
TXN000341,CUST182,UMKM019,BAT014,2023-06-23,2,81571,163142,Transfer
TXN000342,CUST098,UMKM007,BAT032,2023-06-27,1,75112,75112,Transfer
TXN000343,CUST136,UMKM008,BAT014,2023-06-26,1,81571,81571,Transfer
TXN000344,CUST183,UMKM004,BAT010,2023-06-21,1,378235,378235,COD
TXN000345,CUST253,UMKM001,BAT040,2023-06-27,3,74890,224670,COD
TXN000346,CUST247,UMKM020,BAT024,2023-06-28,2,58834,117668,Credit Card
TXN000347,CUST295,UMKM016,BAT018,2023-06-12,1,497988,497988,E-wallet
TXN000348,CUST114,UMKM005,BAT037,2023-06-15,1,102565,102565,Credit Card
TXN000349,CUST277,UMKM017,BAT003,2023-06-27,2,132240,264480,Credit Card
TXN000350,CUST090,UMKM004,BAT030,2023-06-10,3,138259,414777,Credit Card
TXN000351,CUST005,UMKM007,BAT001,2023-06-10,2,404700,809400,COD
TXN000352,CUST186,UMKM009,BAT040,2023-06-07,1,74890,74890,E-wallet
TXN000353,CUST138,UMKM020,BAT031,2023-06-05,2,102772,205544,E-wallet
TXN000354,CUST256,UMKM007,BAT028,2023-06-11,2,62363,124726,E-wallet
TXN000355,CUST206,UMKM015,BAT018,2023-06-18,1,497988,497988,Transfer
TXN000356,CUST118,UMKM009,BAT007,2023-06-27,1,239174,239174,Credit Card
TXN000357,CUST196,UMKM005,BAT013,2023-06-15,3,64662,193986,Transfer
TXN000358,CUST005,UMKM014,BAT012,2023-06-28,2,300149,600298,Transfer
TXN000359,CUST265,UMKM011,BAT035,2023-06-08,2,135477,270954,E-wallet
TXN000360,CUST288,UMKM002,BAT037,2023-06-22,2,102565,205130,COD
TXN000361,CUST084,UMKM007,BAT004,2023-06-26,2,316653,633306,Credit Card
TXN000362,CUST050,UMKM011,BAT029,2023-06-11,2,261038,522076,E-wallet
TXN000363,CUST287,UMKM009,BAT036,2023-06-13,2,71798,143596,COD
TXN000364,CUST063,UMKM020,BAT023,2023-06-24,1,59305,59305,Transfer
TXN000365,CUST146,UMKM011,BAT023,2023-06-24,3,59305,177915,Credit Card
TXN000366,CUST229,UMKM013,BAT006,2023-06-14,3,488932,1466796,E-wallet
TXN000367,CUST075,UMKM011,BAT011,2023-06-27,2,70032,140064,Credit Card
TXN000368,CUST037,UMKM006,BAT006,2023-06-10,2,488932,977864,Transfer
TXN000369,CUST163,UMKM010,BAT042,2023-06-19,3,164985,494955,E-wallet
TXN000370,CUST203,UMKM015,BAT018,2023-06-13,2,497988,995976,Credit Card
TXN000371,CUST086,UMKM001,BAT012,2023-06-21,1,300149,300149,Transfer
TXN000372,CUST129,UMKM003,BAT045,2023-06-12,1,361657,361657,Transfer
TXN000373,CUST053,UMKM003,BAT007,2023-05-31,2,239174,478348,COD
TXN000374,CUST204,UMKM003,BAT034,2023-06-19,1,59880,59880,E-wallet
TXN000375,CUST080,UMKM013,BAT006,2023-06-07,2,488932,977864,Transfer
TXN000376,CUST146,UMKM005,BAT029,2023-05-31,1,261038,261038,Transfer
TXN000377,CUST018,UMKM012,BAT043,2023-06-14,2,439231,878462,Credit Card
TXN000378,CUST277,UMKM018,BAT018,2023-06-22,2,497988,995976,Transfer
TXN000379,CUST277,UMKM019,BAT012,2023-06-20,3,300149,900447,Credit Card
TXN000380,CUST289,UMKM017,BAT028,2023-06-29,3,62363,187089,E-wallet
TXN000381,CUST178,UMKM018,BAT031,2023-06-14,1,102772,102772,COD
TXN000382,CUST158,UMKM014,BAT024,2023-06-09,2,58834,117668,Transfer
TXN000383,CUST006,UMKM017,BAT001,2023-06-09,1,404700,404700,E-wallet
TXN000384,CUST241,UMKM001,BAT035,2023-06-24,3,135477,406431,Credit Card
TXN000385,CUST245,UMKM001,BAT020,2023-06-19,2,264845,529690,E-wallet
TXN000386,CUST119,UMKM018,BAT001,2023-06-13,2,404700,809400,Transfer
TXN000387,CUST224,UMKM008,BAT026,2023-07-26,1,120678,120678,Credit Card
TXN000388,CUST194,UMKM009,BAT015,2023-07-20,1,427399,427399,Credit Card
TXN000389,CUST123,UMKM020,BAT034,2023-07-09,3,59880,179640,E-wallet
TXN000390,CUST273,UMKM014,BAT018,2023-07-05,1,497988,497988,COD
TXN000391,CUST070,UMKM004,BAT019,2023-07-19,3,381714,1145142,Credit Card
TXN000392,CUST232,UMKM020,BAT018,2023-07-10,2,497988,995976,Transfer
TXN000393,CUST010,UMKM002,BAT010,2023-07-05,3,378235,1134705,COD
TXN000394,CUST053,UMKM009,BAT019,2023-07-23,1,381714,381714,Credit Card
TXN000395,CUST005,UMKM003,BAT015,2023-07-15,1,427399,427399,COD
TXN000396,CUST112,UMKM014,BAT022,2023-07-11,2,445207,890414,Credit Card
TXN000397,CUST238,UMKM002,BAT045,2023-07-26,2,361657,723314,COD
TXN000398,CUST075,UMKM009,BAT004,2023-07-17,2,316653,633306,COD
TXN000399,CUST241,UMKM007,BAT012,2023-07-26,2,300149,600298,Credit Card
TXN000400,CUST007,UMKM008,BAT008,2023-07-07,2,109470,218940,Credit Card
TXN000401,CUST018,UMKM015,BAT013,2023-07-16,3,64662,193986,COD
TXN000402,CUST107,UMKM013,BAT031,2023-07-29,3,102772,308316,E-wallet
TXN000403,CUST166,UMKM002,BAT011,2023-07-08,3,70032,210096,COD
TXN000404,CUST247,UMKM010,BAT041,2023-07-28,1,492869,492869,E-wallet
TXN000405,CUST027,UMKM007,BAT043,2023-07-20,1,439231,439231,Transfer
TXN000406,CUST223,UMKM001,BAT021,2023-07-18,1,79451,79451,E-wallet
TXN000407,CUST062,UMKM008,BAT026,2023-07-18,1,120678,120678,COD
TXN000408,CUST244,UMKM020,BAT045,2023-07-24,1,361657,361657,E-wallet
TXN000409,CUST046,UMKM006,BAT016,2023-07-21,2,136474,272948,COD
TXN000410,CUST174,UMKM002,BAT041,2023-07-20,1,492869,492869,E-wallet
TXN000411,CUST079,UMKM018,BAT045,2023-07-15,1,361657,361657,Transfer
TXN000412,CUST120,UMKM018,BAT021,2023-07-25,3,79451,238353,E-wallet
TXN000413,CUST225,UMKM001,BAT013,2023-07-11,3,64662,193986,Credit Card
TXN000414,CUST069,UMKM002,BAT017,2023-07-17,2,288326,576652,Credit Card
TXN000415,CUST151,UMKM016,BAT035,2023-07-17,1,135477,135477,Transfer
TXN000416,CUST179,UMKM015,BAT021,2023-07-02,2,79451,158902,Transfer
TXN000417,CUST272,UMKM015,BAT010,2023-07-17,2,378235,756470,E-wallet
TXN000418,CUST188,UMKM001,BAT030,2023-07-23,3,138259,414777,Credit Card
TXN000419,CUST095,UMKM020,BAT002,2023-07-10,2,429372,858744,Transfer
TXN000420,CUST033,UMKM018,BAT043,2023-07-16,2,439231,878462,Transfer
TXN000421,CUST255,UMKM005,BAT036,2023-07-10,3,71798,215394,E-wallet
TXN000422,CUST210,UMKM011,BAT042,2023-07-16,1,164985,164985,COD
TXN000423,CUST035,UMKM005,BAT003,2023-07-06,1,132240,132240,COD
TXN000424,CUST055,UMKM007,BAT032,2023-07-18,1,75112,75112,COD
TXN000425,CUST199,UMKM016,BAT043,2023-07-01,3,439231,1317693,E-wallet
TXN000426,CUST188,UMKM020,BAT015,2023-06-30,3,427399,1282197,COD
TXN000427,CUST107,UMKM016,BAT042,2023-07-25,1,164985,164985,Credit Card
TXN000428,CUST032,UMKM018,BAT024,2023-07-26,3,58834,176502,Credit Card
TXN000429,CUST189,UMKM020,BAT004,2023-07-23,2,316653,633306,COD
TXN000430,CUST037,UMKM003,BAT020,2023-07-03,1,264845,264845,COD
TXN000431,CUST119,UMKM013,BAT035,2023-07-16,1,135477,135477,Transfer
TXN000432,CUST128,UMKM006,BAT037,2023-07-23,3,102565,307695,Credit Card
TXN000433,CUST055,UMKM019,BAT041,2023-07-22,2,492869,985738,Credit Card
TXN000434,CUST219,UMKM006,BAT007,2023-07-16,1,239174,239174,Credit Card
TXN000435,CUST173,UMKM006,BAT043,2023-07-29,3,439231,1317693,Credit Card
TXN000436,CUST181,UMKM018,BAT021,2023-07-13,2,79451,158902,E-wallet
TXN000437,CUST221,UMKM020,BAT021,2023-07-12,1,79451,79451,Transfer
TXN000438,CUST282,UMKM012,BAT017,2023-07-12,2,288326,576652,Credit Card
TXN000439,CUST001,UMKM010,BAT003,2023-07-16,3,132240,396720,COD
TXN000440,CUST070,UMKM001,BAT020,2023-07-06,2,264845,529690,Transfer
TXN000441,CUST162,UMKM009,BAT002,2023-07-03,3,429372,1288116,Transfer
TXN000442,CUST020,UMKM012,BAT030,2023-07-08,1,138259,138259,Transfer
TXN000443,CUST188,UMKM008,BAT038,2023-07-25,1,101173,101173,E-wallet
TXN000444,CUST154,UMKM019,BAT006,2023-07-23,2,488932,977864,Transfer
TXN000445,CUST040,UMKM016,BAT021,2023-07-26,1,79451,79451,Credit Card
TXN000446,CUST296,UMKM020,BAT007,2023-07-01,3,239174,717522,E-wallet
TXN000447,CUST296,UMKM003,BAT025,2023-07-11,1,362391,362391,E-wallet
TXN000448,CUST223,UMKM004,BAT027,2023-07-20,1,423907,423907,COD
TXN000449,CUST196,UMKM010,BAT004,2023-07-10,3,316653,949959,COD
TXN000450,CUST277,UMKM005,BAT037,2023-07-04,2,102565,205130,Transfer
TXN000451,CUST026,UMKM013,BAT044,2023-07-07,2,74356,148712,COD
TXN000452,CUST222,UMKM013,BAT019,2023-07-10,1,381714,381714,Transfer
TXN000453,CUST043,UMKM019,BAT031,2023-07-17,3,102772,308316,COD
TXN000454,CUST205,UMKM003,BAT017,2023-07-24,2,288326,576652,Credit Card
TXN000455,CUST067,UMKM016,BAT009,2023-07-15,3,281225,843675,Transfer
TXN000456,CUST203,UMKM019,BAT042,2023-07-07,1,164985,164985,Transfer
TXN000457,CUST037,UMKM014,BAT018,2023-07-03,2,497988,995976,COD
TXN000458,CUST212,UMKM012,BAT028,2023-07-10,2,62363,124726,Transfer
TXN000459,CUST177,UMKM001,BAT039,2023-07-11,2,295691,591382,Transfer
TXN000460,CUST227,UMKM005,BAT040,2023-07-29,2,74890,149780,COD
TXN000461,CUST120,UMKM012,BAT013,2023-07-03,1,64662,64662,COD
TXN000462,CUST028,UMKM020,BAT016,2023-06-30,1,136474,136474,E-wallet
TXN000463,CUST176,UMKM004,BAT045,2023-07-15,2,361657,723314,Credit Card
TXN000464,CUST012,UMKM007,BAT022,2023-07-06,3,445207,1335621,Transfer
TXN000465,CUST280,UMKM009,BAT034,2023-07-19,3,59880,179640,Credit Card
TXN000466,CUST073,UMKM001,BAT045,2023-07-08,2,361657,723314,COD
TXN000467,CUST088,UMKM010,BAT004,2023-07-01,1,316653,316653,E-wallet
TXN000468,CUST239,UMKM001,BAT042,2023-07-21,1,164985,164985,Credit Card
TXN000469,CUST139,UMKM012,BAT043,2023-07-09,1,439231,439231,COD
TXN000470,CUST198,UMKM013,BAT015,2023-07-28,3,427399,1282197,COD
TXN000471,CUST162,UMKM020,BAT032,2023-07-05,3,75112,225336,COD
TXN000472,CUST257,UMKM018,BAT030,2023-07-31,3,138259,414777,COD
TXN000473,CUST127,UMKM010,BAT034,2023-08-11,2,59880,119760,Credit Card
TXN000474,CUST081,UMKM012,BAT002,2023-08-10,3,429372,1288116,E-wallet
TXN000475,CUST155,UMKM017,BAT016,2023-08-19,2,136474,272948,COD
TXN000476,CUST132,UMKM001,BAT025,2023-08-06,3,362391,1087173,E-wallet
TXN000477,CUST078,UMKM013,BAT022,2023-08-01,3,445207,1335621,Transfer
TXN000478,CUST196,UMKM020,BAT034,2023-08-12,3,59880,179640,Transfer
TXN000479,CUST124,UMKM005,BAT037,2023-08-28,2,102565,205130,E-wallet
TXN000480,CUST169,UMKM018,BAT029,2023-08-19,1,261038,261038,Transfer
TXN000481,CUST071,UMKM018,BAT038,2023-08-26,3,101173,303519,Transfer
TXN000482,CUST071,UMKM017,BAT020,2023-08-28,1,264845,264845,Credit Card
TXN000483,CUST075,UMKM019,BAT042,2023-08-01,1,164985,164985,E-wallet
TXN000484,CUST286,UMKM004,BAT035,2023-08-25,1,135477,135477,E-wallet
TXN000485,CUST075,UMKM011,BAT002,2023-08-08,2,429372,858744,Credit Card
TXN000486,CUST227,UMKM009,BAT041,2023-08-02,1,492869,492869,Transfer
TXN000487,CUST068,UMKM001,BAT012,2023-08-18,3,300149,900447,E-wallet
TXN000488,CUST291,UMKM008,BAT040,2023-08-06,3,74890,224670,Transfer
TXN000489,CUST014,UMKM003,BAT023,2023-08-03,3,59305,177915,Credit Card
TXN000490,CUST258,UMKM016,BAT039,2023-08-04,3,295691,887073,E-wallet
TXN000491,CUST199,UMKM016,BAT032,2023-08-05,1,75112,75112,Transfer
TXN000492,CUST116,UMKM014,BAT003,2023-08-12,1,132240,132240,E-wallet
TXN000493,CUST114,UMKM007,BAT043,2023-08-04,1,439231,439231,COD
TXN000494,CUST225,UMKM016,BAT040,2023-08-26,3,74890,224670,E-wallet
TXN000495,CUST235,UMKM014,BAT016,2023-08-18,2,136474,272948,COD
TXN000496,CUST195,UMKM013,BAT021,2023-08-15,3,79451,238353,COD
TXN000497,CUST056,UMKM015,BAT029,2023-08-15,1,261038,261038,Transfer
TXN000498,CUST276,UMKM002,BAT026,2023-08-15,3,120678,362034,Credit Card
TXN000499,CUST026,UMKM010,BAT013,2023-08-27,2,64662,129324,Credit Card
TXN000500,CUST156,UMKM015,BAT019,2023-08-08,1,381714,381714,Credit Card
TXN000501,CUST028,UMKM017,BAT045,2023-08-25,1,361657,361657,Credit Card
TXN000502,CUST232,UMKM017,BAT006,2023-08-23,1,488932,488932,Transfer
TXN000503,CUST300,UMKM018,BAT045,2023-08-12,1,361657,361657,Credit Card
TXN000504,CUST166,UMKM001,BAT029,2023-08-17,1,261038,261038,Credit Card
TXN000505,CUST104,UMKM003,BAT030,2023-08-21,2,138259,276518,E-wallet
TXN000506,CUST084,UMKM003,BAT008,2023-08-19,1,109470,109470,Credit Card
TXN000507,CUST186,UMKM017,BAT006,2023-08-22,3,488932,1466796,Credit Card
TXN000508,CUST262,UMKM006,BAT040,2023-07-31,2,74890,149780,Credit Card
TXN000509,CUST088,UMKM019,BAT022,2023-08-04,3,445207,1335621,Transfer
TXN000510,CUST075,UMKM002,BAT012,2023-08-08,2,300149,600298,E-wallet
TXN000511,CUST229,UMKM006,BAT019,2023-08-05,1,381714,381714,Transfer
TXN000512,CUST002,UMKM009,BAT040,2023-08-14,1,74890,74890,Credit Card
TXN000513,CUST256,UMKM001,BAT035,2023-08-06,3,135477,406431,Credit Card
TXN000514,CUST112,UMKM016,BAT038,2023-08-13,2,101173,202346,Credit Card
TXN000515,CUST041,UMKM020,BAT039,2023-08-27,1,295691,295691,Transfer
TXN000516,CUST281,UMKM020,BAT018,2023-07-31,3,497988,1493964,Transfer
TXN000517,CUST095,UMKM002,BAT010,2023-07-31,3,378235,1134705,E-wallet
TXN000518,CUST075,UMKM019,BAT003,2023-08-09,3,132240,396720,E-wallet
TXN000519,CUST045,UMKM004,BAT004,2023-08-04,2,316653,633306,Transfer
TXN000520,CUST146,UMKM020,BAT040,2023-08-13,3,74890,224670,Transfer
TXN000521,CUST297,UMKM002,BAT024,2023-08-09,1,58834,58834,E-wallet
TXN000522,CUST189,UMKM003,BAT025,2023-08-08,2,362391,724782,COD
TXN000523,CUST242,UMKM004,BAT009,2023-08-09,3,281225,843675,E-wallet
TXN000524,CUST270,UMKM017,BAT027,2023-08-18,1,423907,423907,Transfer
TXN000525,CUST030,UMKM019,BAT007,2023-08-14,3,239174,717522,COD
TXN000526,CUST148,UMKM020,BAT028,2023-08-15,2,62363,124726,E-wallet
TXN000527,CUST295,UMKM012,BAT040,2023-08-15,1,74890,74890,Credit Card
TXN000528,CUST255,UMKM006,BAT032,2023-08-21,3,75112,225336,Transfer
TXN000529,CUST149,UMKM001,BAT013,2023-08-13,1,64662,64662,COD
TXN000530,CUST061,UMKM020,BAT014,2023-07-31,2,81571,163142,Credit Card
TXN000531,CUST171,UMKM018,BAT023,2023-07-30,3,59305,177915,Transfer
TXN000532,CUST104,UMKM010,BAT045,2023-08-08,2,361657,723314,COD
TXN000533,CUST154,UMKM018,BAT033,2023-08-02,2,105296,210592,COD
TXN000534,CUST171,UMKM013,BAT022,2023-09-24,3,445207,1335621,COD
TXN000535,CUST090,UMKM011,BAT013,2023-09-27,2,64662,129324,Credit Card
TXN000536,CUST243,UMKM005,BAT003,2023-09-18,2,132240,264480,Transfer
TXN000537,CUST236,UMKM011,BAT035,2023-09-27,2,135477,270954,Credit Card
TXN000538,CUST029,UMKM010,BAT034,2023-09-15,3,59880,179640,E-wallet
TXN000539,CUST275,UMKM007,BAT002,2023-09-23,3,429372,1288116,E-wallet
TXN000540,CUST182,UMKM005,BAT005,2023-09-08,2,288704,577408,COD
TXN000541,CUST193,UMKM018,BAT041,2023-09-03,1,492869,492869,Credit Card
TXN000542,CUST060,UMKM011,BAT020,2023-09-06,3,264845,794535,COD
TXN000543,CUST212,UMKM016,BAT006,2023-09-12,1,488932,488932,E-wallet
TXN000544,CUST155,UMKM017,BAT014,2023-09-01,2,81571,163142,Transfer
TXN000545,CUST192,UMKM007,BAT003,2023-09-14,1,132240,132240,Credit Card
TXN000546,CUST013,UMKM017,BAT031,2023-09-08,1,102772,102772,Transfer
TXN000547,CUST248,UMKM010,BAT034,2023-09-22,2,59880,119760,Transfer
TXN000548,CUST051,UMKM005,BAT034,2023-09-12,1,59880,59880,COD
TXN000549,CUST199,UMKM004,BAT034,2023-09-27,1,59880,59880,E-wallet
TXN000550,CUST023,UMKM020,BAT044,2023-09-12,1,74356,74356,E-wallet
TXN000551,CUST024,UMKM017,BAT007,2023-08-29,3,239174,717522,E-wallet
TXN000552,CUST296,UMKM007,BAT020,2023-09-04,2,264845,529690,Transfer
TXN000553,CUST147,UMKM018,BAT018,2023-09-19,2,497988,995976,Credit Card
TXN000554,CUST061,UMKM005,BAT018,2023-09-01,1,497988,497988,E-wallet
TXN000555,CUST008,UMKM018,BAT040,2023-09-04,3,74890,224670,COD
TXN000556,CUST278,UMKM018,BAT023,2023-09-02,2,59305,118610,E-wallet
TXN000557,CUST146,UMKM008,BAT037,2023-09-07,1,102565,102565,COD
TXN000558,CUST174,UMKM015,BAT035,2023-08-29,1,135477,135477,Transfer
TXN000559,CUST242,UMKM002,BAT044,2023-08-30,1,74356,74356,Credit Card
TXN000560,CUST045,UMKM013,BAT028,2023-09-17,1,62363,62363,Credit Card
TXN000561,CUST183,UMKM011,BAT020,2023-09-27,1,264845,264845,COD
TXN000562,CUST239,UMKM005,BAT037,2023-09-01,1,102565,102565,Credit Card
TXN000563,CUST234,UMKM015,BAT020,2023-09-05,2,264845,529690,Transfer
TXN000564,CUST074,UMKM009,BAT040,2023-09-03,2,74890,149780,Credit Card
TXN000565,CUST170,UMKM015,BAT021,2023-08-31,2,79451,158902,COD
TXN000566,CUST244,UMKM012,BAT008,2023-09-25,2,109470,218940,Credit Card
TXN000567,CUST088,UMKM012,BAT019,2023-09-14,3,381714,1145142,Transfer
TXN000568,CUST053,UMKM004,BAT026,2023-09-23,2,120678,241356,COD
TXN000569,CUST155,UMKM015,BAT035,2023-09-05,2,135477,270954,Credit Card
TXN000570,CUST125,UMKM006,BAT036,2023-08-31,2,71798,143596,Credit Card
TXN000571,CUST175,UMKM019,BAT014,2023-09-16,2,81571,163142,Credit Card
TXN000572,CUST176,UMKM008,BAT035,2023-09-21,1,135477,135477,COD
TXN000573,CUST294,UMKM004,BAT032,2023-09-08,3,75112,225336,Credit Card
TXN000574,CUST285,UMKM015,BAT007,2023-09-10,1,239174,239174,E-wallet
TXN000575,CUST036,UMKM004,BAT039,2023-09-08,3,295691,887073,Credit Card
TXN000576,CUST254,UMKM002,BAT042,2023-09-24,1,164985,164985,Transfer
TXN000577,CUST072,UMKM001,BAT038,2023-09-12,1,101173,101173,Transfer
TXN000578,CUST273,UMKM013,BAT019,2023-09-04,3,381714,1145142,Credit Card
TXN000579,CUST106,UMKM011,BAT044,2023-09-27,2,74356,148712,E-wallet
TXN000580,CUST223,UMKM003,BAT023,2023-09-17,3,59305,177915,COD
TXN000581,CUST262,UMKM005,BAT026,2023-09-09,2,120678,241356,COD
TXN000582,CUST282,UMKM001,BAT004,2023-09-01,3,316653,949959,E-wallet
TXN000583,CUST145,UMKM008,BAT002,2023-09-18,2,429372,858744,Credit Card
TXN000584,CUST163,UMKM013,BAT025,2023-09-15,2,362391,724782,Credit Card
TXN000585,CUST109,UMKM006,BAT043,2023-09-04,2,439231,878462,Transfer
TXN000586,CUST285,UMKM012,BAT025,2023-09-07,2,362391,724782,Transfer
TXN000587,CUST065,UMKM001,BAT009,2023-09-02,1,281225,281225,COD
TXN000588,CUST250,UMKM014,BAT043,2023-09-02,1,439231,439231,COD
TXN000589,CUST213,UMKM020,BAT030,2023-09-12,2,138259,276518,Transfer
TXN000590,CUST261,UMKM018,BAT028,2023-09-09,2,62363,124726,Credit Card
TXN000591,CUST116,UMKM014,BAT012,2023-09-16,3,300149,900447,COD
TXN000592,CUST256,UMKM017,BAT016,2023-09-27,2,136474,272948,Credit Card
TXN000593,CUST280,UMKM012,BAT037,2023-09-16,1,102565,102565,COD
TXN000594,CUST248,UMKM004,BAT024,2023-09-20,3,58834,176502,Credit Card
TXN000595,CUST041,UMKM017,BAT010,2023-09-14,2,378235,756470,Credit Card
TXN000596,CUST041,UMKM020,BAT034,2023-09-13,1,59880,59880,Transfer
TXN000597,CUST040,UMKM018,BAT044,2023-09-17,3,74356,223068,E-wallet
TXN000598,CUST028,UMKM018,BAT022,2023-09-12,1,445207,445207,Credit Card
TXN000599,CUST263,UMKM019,BAT031,2023-09-11,3,102772,308316,E-wallet
TXN000600,CUST181,UMKM010,BAT019,2023-09-20,1,381714,381714,COD
TXN000601,CUST156,UMKM009,BAT037,2023-09-16,1,102565,102565,Credit Card
TXN000602,CUST087,UMKM002,BAT037,2023-09-23,3,102565,307695,E-wallet
TXN000603,CUST014,UMKM016,BAT019,2023-09-14,1,381714,381714,Transfer
TXN000604,CUST040,UMKM009,BAT018,2023-09-06,1,497988,497988,E-wallet
TXN000605,CUST132,UMKM004,BAT001,2023-09-27,3,404700,1214100,Transfer
TXN000606,CUST078,UMKM015,BAT043,2023-09-06,2,439231,878462,Transfer
TXN000607,CUST121,UMKM006,BAT032,2023-09-08,3,75112,225336,COD
TXN000608,CUST044,UMKM020,BAT010,2023-09-22,1,378235,378235,Credit Card
TXN000609,CUST212,UMKM008,BAT025,2023-09-21,3,362391,1087173,Credit Card
TXN000610,CUST086,UMKM019,BAT014,2023-08-30,3,81571,244713,E-wallet
TXN000611,CUST136,UMKM002,BAT008,2023-09-10,1,109470,109470,Credit Card
TXN000612,CUST244,UMKM016,BAT020,2023-09-10,3,264845,794535,Transfer
TXN000613,CUST200,UMKM009,BAT031,2023-08-29,1,102772,102772,Credit Card
TXN000614,CUST148,UMKM013,BAT029,2023-09-14,3,261038,783114,E-wallet
TXN000615,CUST022,UMKM018,BAT007,2023-09-25,3,239174,717522,E-wallet
TXN000616,CUST222,UMKM009,BAT040,2023-09-06,2,74890,149780,E-wallet
TXN000617,CUST051,UMKM019,BAT017,2023-09-22,2,288326,576652,Credit Card
TXN000618,CUST124,UMKM019,BAT044,2023-09-19,1,74356,74356,E-wallet
TXN000619,CUST093,UMKM018,BAT021,2023-09-24,1,79451,79451,COD
TXN000620,CUST035,UMKM014,BAT001,2023-09-19,1,404700,404700,COD
TXN000621,CUST229,UMKM008,BAT023,2023-09-06,3,59305,177915,E-wallet
TXN000622,CUST099,UMKM001,BAT003,2023-08-30,3,132240,396720,COD
TXN000623,CUST112,UMKM004,BAT039,2023-08-31,3,295691,887073,COD
TXN000624,CUST067,UMKM019,BAT025,2023-09-20,1,362391,362391,COD
TXN000625,CUST095,UMKM010,BAT017,2023-09-18,2,288326,576652,COD
TXN000626,CUST233,UMKM014,BAT018,2023-09-06,3,497988,1493964,E-wallet
TXN000627,CUST038,UMKM002,BAT018,2023-10-08,2,497988,995976,Credit Card
TXN000628,CUST031,UMKM009,BAT017,2023-09-30,1,288326,288326,Credit Card
TXN000629,CUST252,UMKM020,BAT013,2023-10-18,2,64662,129324,Transfer
TXN000630,CUST252,UMKM005,BAT007,2023-10-04,3,239174,717522,Credit Card
TXN000631,CUST055,UMKM009,BAT029,2023-09-30,1,261038,261038,COD
TXN000632,CUST037,UMKM009,BAT037,2023-10-26,2,102565,205130,COD
TXN000633,CUST255,UMKM001,BAT010,2023-10-06,1,378235,378235,Credit Card
TXN000634,CUST078,UMKM011,BAT045,2023-10-14,2,361657,723314,COD
TXN000635,CUST252,UMKM014,BAT031,2023-10-15,2,102772,205544,COD
TXN000636,CUST116,UMKM013,BAT001,2023-10-01,3,404700,1214100,Credit Card
TXN000637,CUST291,UMKM012,BAT035,2023-10-10,2,135477,270954,E-wallet
TXN000638,CUST029,UMKM003,BAT041,2023-09-30,2,492869,985738,E-wallet
TXN000639,CUST236,UMKM007,BAT019,2023-10-10,1,381714,381714,COD
TXN000640,CUST098,UMKM013,BAT020,2023-10-13,1,264845,264845,E-wallet
TXN000641,CUST044,UMKM015,BAT041,2023-10-02,3,492869,1478607,Transfer
TXN000642,CUST019,UMKM001,BAT013,2023-10-13,3,64662,193986,Transfer
TXN000643,CUST200,UMKM018,BAT005,2023-10-13,3,288704,866112,E-wallet
TXN000644,CUST274,UMKM001,BAT029,2023-09-29,1,261038,261038,E-wallet
TXN000645,CUST173,UMKM013,BAT003,2023-10-23,1,132240,132240,Transfer
TXN000646,CUST268,UMKM018,BAT030,2023-10-27,1,138259,138259,Transfer
TXN000647,CUST037,UMKM005,BAT003,2023-10-13,2,132240,264480,COD
TXN000648,CUST024,UMKM005,BAT016,2023-10-18,1,136474,136474,Transfer
TXN000649,CUST026,UMKM004,BAT020,2023-10-24,2,264845,529690,Transfer
TXN000650,CUST033,UMKM004,BAT007,2023-09-30,2,239174,478348,Transfer
TXN000651,CUST104,UMKM011,BAT028,2023-10-08,3,62363,187089,Credit Card
TXN000652,CUST062,UMKM019,BAT044,2023-10-08,3,74356,223068,Transfer
TXN000653,CUST110,UMKM019,BAT003,2023-09-30,1,132240,132240,E-wallet
TXN000654,CUST062,UMKM005,BAT018,2023-10-20,2,497988,995976,Transfer
TXN000655,CUST190,UMKM006,BAT036,2023-10-27,2,71798,143596,Transfer
TXN000656,CUST298,UMKM005,BAT003,2023-10-22,1,132240,132240,Credit Card
TXN000657,CUST081,UMKM016,BAT002,2023-09-28,1,429372,429372,COD
TXN000658,CUST092,UMKM019,BAT006,2023-10-20,2,488932,977864,Credit Card
TXN000659,CUST244,UMKM005,BAT045,2023-10-18,1,361657,361657,Transfer
TXN000660,CUST139,UMKM015,BAT034,2023-10-03,2,59880,119760,Transfer
TXN000661,CUST020,UMKM006,BAT039,2023-10-17,3,295691,887073,Credit Card
TXN000662,CUST046,UMKM010,BAT041,2023-09-28,2,492869,985738,Credit Card
TXN000663,CUST286,UMKM007,BAT016,2023-10-17,1,136474,136474,COD
TXN000664,CUST186,UMKM017,BAT035,2023-10-22,1,135477,135477,Credit Card
TXN000665,CUST107,UMKM002,BAT018,2023-10-23,1,497988,497988,COD
TXN000666,CUST077,UMKM016,BAT044,2023-10-03,2,74356,148712,Transfer
TXN000667,CUST023,UMKM012,BAT004,2023-10-11,2,316653,633306,Transfer
TXN000668,CUST129,UMKM020,BAT022,2023-10-01,2,445207,890414,COD
TXN000669,CUST027,UMKM006,BAT035,2023-10-13,1,135477,135477,COD
TXN000670,CUST264,UMKM003,BAT008,2023-10-16,1,109470,109470,Credit Card
TXN000671,CUST297,UMKM014,BAT021,2023-10-05,1,79451,79451,E-wallet
TXN000672,CUST057,UMKM008,BAT021,2023-10-21,1,79451,79451,Transfer
TXN000673,CUST212,UMKM013,BAT013,2023-10-13,1,64662,64662,COD
TXN000674,CUST300,UMKM002,BAT032,2023-10-04,2,75112,150224,Transfer
TXN000675,CUST233,UMKM013,BAT012,2023-10-12,2,300149,600298,Transfer
TXN000676,CUST100,UMKM012,BAT041,2023-10-08,2,492869,985738,Transfer
TXN000677,CUST066,UMKM019,BAT003,2023-10-02,1,132240,132240,E-wallet
TXN000678,CUST057,UMKM015,BAT030,2023-10-22,2,138259,276518,Transfer
TXN000679,CUST176,UMKM010,BAT015,2023-10-23,3,427399,1282197,Transfer
TXN000680,CUST088,UMKM018,BAT037,2023-10-11,1,102565,102565,COD
TXN000681,CUST268,UMKM007,BAT032,2023-10-24,3,75112,225336,Credit Card
TXN000682,CUST237,UMKM001,BAT018,2023-10-21,3,497988,1493964,Credit Card
TXN000683,CUST127,UMKM011,BAT016,2023-10-26,2,136474,272948,Transfer
TXN000684,CUST077,UMKM001,BAT037,2023-09-29,2,102565,205130,COD
TXN000685,CUST241,UMKM002,BAT033,2023-10-13,2,105296,210592,Credit Card
TXN000686,CUST051,UMKM016,BAT029,2023-10-15,1,261038,261038,COD
TXN000687,CUST007,UMKM014,BAT045,2023-11-08,1,361657,361657,Transfer
TXN000688,CUST152,UMKM003,BAT016,2023-11-18,1,136474,136474,Credit Card
TXN000689,CUST157,UMKM015,BAT011,2023-11-11,3,70032,210096,COD
TXN000690,CUST238,UMKM013,BAT009,2023-11-17,1,281225,281225,E-wallet
TXN000691,CUST238,UMKM001,BAT041,2023-11-09,3,492869,1478607,COD
TXN000692,CUST171,UMKM002,BAT034,2023-11-21,2,59880,119760,Credit Card
TXN000693,CUST139,UMKM020,BAT045,2023-11-22,3,361657,1084971,Transfer
TXN000694,CUST042,UMKM011,BAT040,2023-11-13,3,74890,224670,COD
TXN000695,CUST187,UMKM004,BAT004,2023-11-11,2,316653,633306,E-wallet
TXN000696,CUST021,UMKM012,BAT024,2023-11-14,1,58834,58834,COD
TXN000697,CUST105,UMKM011,BAT009,2023-11-17,1,281225,281225,COD
TXN000698,CUST245,UMKM007,BAT038,2023-11-07,3,101173,303519,Transfer
TXN000699,CUST181,UMKM017,BAT018,2023-11-05,3,497988,1493964,Credit Card
TXN000700,CUST028,UMKM012,BAT005,2023-11-12,2,288704,577408,Credit Card
TXN000701,CUST257,UMKM004,BAT034,2023-11-11,2,59880,119760,E-wallet
TXN000702,CUST189,UMKM003,BAT044,2023-10-30,1,74356,74356,Credit Card
TXN000703,CUST042,UMKM006,BAT026,2023-10-31,2,120678,241356,COD
TXN000704,CUST085,UMKM004,BAT018,2023-11-12,3,497988,1493964,Transfer
TXN000705,CUST078,UMKM017,BAT014,2023-11-06,3,81571,244713,COD
TXN000706,CUST214,UMKM018,BAT044,2023-11-08,1,74356,74356,Credit Card
TXN000707,CUST216,UMKM001,BAT029,2023-10-30,2,261038,522076,Transfer
TXN000708,CUST012,UMKM017,BAT015,2023-11-10,3,427399,1282197,E-wallet
TXN000709,CUST297,UMKM011,BAT022,2023-11-11,2,445207,890414,Credit Card
TXN000710,CUST156,UMKM005,BAT037,2023-11-22,2,102565,205130,Transfer
TXN000711,CUST134,UMKM016,BAT015,2023-11-21,2,427399,854798,E-wallet
TXN000712,CUST025,UMKM012,BAT010,2023-11-02,2,378235,756470,Credit Card
TXN000713,CUST083,UMKM010,BAT035,2023-11-23,1,135477,135477,Transfer
TXN000714,CUST079,UMKM008,BAT011,2023-11-07,1,70032,70032,COD
TXN000715,CUST295,UMKM015,BAT009,2023-11-02,2,281225,562450,E-wallet
TXN000716,CUST106,UMKM002,BAT036,2023-11-08,3,71798,215394,E-wallet
TXN000717,CUST076,UMKM015,BAT024,2023-11-14,3,58834,176502,Transfer
TXN000718,CUST155,UMKM001,BAT008,2023-11-21,2,109470,218940,Credit Card
TXN000719,CUST075,UMKM011,BAT030,2023-11-20,1,138259,138259,COD
TXN000720,CUST280,UMKM011,BAT033,2023-11-12,3,105296,315888,E-wallet
TXN000721,CUST149,UMKM005,BAT037,2023-11-07,3,102565,307695,Credit Card
TXN000722,CUST058,UMKM002,BAT031,2023-11-06,1,102772,102772,COD
TXN000723,CUST013,UMKM020,BAT026,2023-11-08,1,120678,120678,Credit Card
TXN000724,CUST048,UMKM002,BAT021,2023-11-15,3,79451,238353,Transfer
TXN000725,CUST270,UMKM009,BAT015,2023-10-30,1,427399,427399,COD
TXN000726,CUST276,UMKM003,BAT029,2023-11-03,3,261038,783114,Credit Card
TXN000727,CUST252,UMKM020,BAT021,2023-11-26,3,79451,238353,COD
TXN000728,CUST185,UMKM005,BAT026,2023-11-08,3,120678,362034,Credit Card
TXN000729,CUST198,UMKM001,BAT024,2023-11-08,2,58834,117668,E-wallet
TXN000730,CUST158,UMKM018,BAT029,2023-11-20,1,261038,261038,Transfer
TXN000731,CUST228,UMKM015,BAT027,2023-11-22,2,423907,847814,Transfer
TXN000732,CUST218,UMKM005,BAT027,2023-11-01,3,423907,1271721,COD
TXN000733,CUST107,UMKM016,BAT020,2023-10-30,3,264845,794535,E-wallet
TXN000734,CUST193,UMKM001,BAT006,2023-11-10,2,488932,977864,E-wallet
TXN000735,CUST090,UMKM015,BAT036,2023-11-03,3,71798,215394,Transfer
TXN000736,CUST096,UMKM010,BAT025,2023-10-29,3,362391,1087173,Credit Card
TXN000737,CUST155,UMKM010,BAT038,2023-11-04,2,101173,202346,Credit Card
TXN000738,CUST014,UMKM005,BAT001,2023-11-17,2,404700,809400,E-wallet
TXN000739,CUST242,UMKM010,BAT008,2023-11-12,2,109470,218940,Transfer
TXN000740,CUST126,UMKM004,BAT002,2023-10-30,2,429372,858744,Credit Card
TXN000741,CUST186,UMKM016,BAT038,2023-11-24,3,101173,303519,Credit Card
TXN000742,CUST133,UMKM016,BAT041,2023-11-08,3,492869,1478607,COD
TXN000743,CUST263,UMKM001,BAT037,2023-11-15,2,102565,205130,Transfer
TXN000744,CUST030,UMKM011,BAT010,2023-11-08,2,378235,756470,Transfer
TXN000745,CUST084,UMKM009,BAT004,2023-11-17,2,316653,633306,Credit Card
TXN000746,CUST183,UMKM010,BAT004,2023-11-13,2,316653,633306,COD
TXN000747,CUST100,UMKM006,BAT041,2023-11-14,1,492869,492869,Transfer
TXN000748,CUST166,UMKM010,BAT021,2023-10-31,2,79451,158902,E-wallet
TXN000749,CUST274,UMKM012,BAT038,2023-11-01,1,101173,101173,COD
TXN000750,CUST266,UMKM012,BAT019,2023-11-07,2,381714,763428,Credit Card
TXN000751,CUST084,UMKM007,BAT007,2023-11-23,1,239174,239174,Transfer
TXN000752,CUST097,UMKM020,BAT036,2023-11-10,3,71798,215394,COD
TXN000753,CUST236,UMKM004,BAT005,2023-11-12,1,288704,288704,COD
TXN000754,CUST179,UMKM012,BAT020,2023-11-25,1,264845,264845,Credit Card
TXN000755,CUST268,UMKM006,BAT022,2023-10-28,3,445207,1335621,E-wallet
TXN000756,CUST061,UMKM005,BAT015,2023-11-19,3,427399,1282197,Transfer
TXN000757,CUST117,UMKM005,BAT020,2023-10-30,1,264845,264845,Transfer
TXN000758,CUST218,UMKM004,BAT045,2023-11-21,1,361657,361657,COD
TXN000759,CUST248,UMKM002,BAT028,2023-10-29,1,62363,62363,COD
TXN000760,CUST263,UMKM002,BAT038,2023-11-26,2,101173,202346,COD
TXN000761,CUST130,UMKM003,BAT003,2023-11-21,2,132240,264480,COD
TXN000762,CUST050,UMKM020,BAT008,2023-11-02,1,109470,109470,Transfer
TXN000763,CUST180,UMKM003,BAT002,2023-11-15,1,429372,429372,E-wallet
TXN000764,CUST179,UMKM006,BAT023,2023-11-13,3,59305,177915,Transfer
TXN000765,CUST292,UMKM004,BAT005,2023-11-13,3,288704,866112,COD
TXN000766,CUST112,UMKM010,BAT013,2023-11-20,1,64662,64662,COD
TXN000767,CUST051,UMKM017,BAT014,2023-11-08,3,81571,244713,Credit Card
TXN000768,CUST095,UMKM004,BAT029,2023-11-09,1,261038,261038,E-wallet
TXN000769,CUST218,UMKM017,BAT014,2023-10-31,1,81571,81571,Credit Card
TXN000770,CUST161,UMKM015,BAT008,2023-11-12,1,109470,109470,Transfer
TXN000771,CUST185,UMKM018,BAT019,2023-10-30,3,381714,1145142,COD
TXN000772,CUST168,UMKM004,BAT032,2023-11-11,2,75112,150224,E-wallet
TXN000773,CUST160,UMKM015,BAT044,2023-11-06,1,74356,74356,Credit Card
TXN000774,CUST220,UMKM003,BAT013,2023-11-02,2,64662,129324,E-wallet
TXN000775,CUST007,UMKM016,BAT044,2023-11-09,3,74356,223068,COD
TXN000776,CUST225,UMKM003,BAT034,2023-11-09,1,59880,59880,Transfer
TXN000777,CUST206,UMKM019,BAT045,2023-10-30,1,361657,361657,Transfer
TXN000778,CUST187,UMKM011,BAT013,2023-10-31,1,64662,64662,Credit Card
TXN000779,CUST120,UMKM016,BAT028,2023-11-21,2,62363,124726,E-wallet
TXN000780,CUST205,UMKM016,BAT023,2023-11-12,3,59305,177915,Credit Card
TXN000781,CUST262,UMKM005,BAT018,2023-10-31,2,497988,995976,COD
TXN000782,CUST129,UMKM016,BAT032,2023-10-28,1,75112,75112,Transfer
TXN000783,CUST051,UMKM003,BAT004,2023-11-02,2,316653,633306,COD
TXN000784,CUST196,UMKM011,BAT039,2023-11-16,1,295691,295691,E-wallet
TXN000785,CUST050,UMKM017,BAT005,2023-12-03,2,288704,577408,Credit Card
TXN000786,CUST151,UMKM016,BAT043,2023-12-14,2,439231,878462,E-wallet
TXN000787,CUST176,UMKM018,BAT035,2023-12-10,1,135477,135477,COD
TXN000788,CUST061,UMKM015,BAT025,2023-12-11,2,362391,724782,Credit Card
TXN000789,CUST236,UMKM002,BAT003,2023-12-25,1,132240,132240,E-wallet
TXN000790,CUST085,UMKM014,BAT032,2023-12-19,1,75112,75112,E-wallet
TXN000791,CUST200,UMKM004,BAT032,2023-12-18,3,75112,225336,Credit Card
TXN000792,CUST284,UMKM018,BAT044,2023-12-12,3,74356,223068,Credit Card
TXN000793,CUST288,UMKM017,BAT011,2023-12-05,1,70032,70032,Credit Card
TXN000794,CUST254,UMKM013,BAT038,2023-12-21,3,101173,303519,E-wallet
TXN000795,CUST146,UMKM002,BAT021,2023-12-01,1,79451,79451,COD
TXN000796,CUST188,UMKM019,BAT023,2023-12-09,1,59305,59305,E-wallet
TXN000797,CUST050,UMKM012,BAT028,2023-12-08,2,62363,124726,Credit Card
TXN000798,CUST029,UMKM008,BAT043,2023-12-17,1,439231,439231,Transfer
TXN000799,CUST160,UMKM003,BAT038,2023-12-24,3,101173,303519,COD
TXN000800,CUST157,UMKM011,BAT008,2023-12-14,1,109470,109470,COD
TXN000801,CUST167,UMKM015,BAT003,2023-12-15,3,132240,396720,Credit Card
TXN000802,CUST264,UMKM009,BAT027,2023-12-15,1,423907,423907,Credit Card
TXN000803,CUST012,UMKM013,BAT021,2023-12-07,3,79451,238353,Credit Card
TXN000804,CUST294,UMKM016,BAT007,2023-12-07,1,239174,239174,Transfer
TXN000805,CUST255,UMKM011,BAT033,2023-12-08,1,105296,105296,E-wallet
TXN000806,CUST224,UMKM016,BAT013,2023-12-23,3,64662,193986,COD
TXN000807,CUST275,UMKM010,BAT014,2023-12-06,2,81571,163142,COD
TXN000808,CUST294,UMKM008,BAT026,2023-12-19,3,120678,362034,COD
TXN000809,CUST297,UMKM019,BAT007,2023-11-29,2,239174,478348,E-wallet
TXN000810,CUST291,UMKM016,BAT034,2023-12-08,2,59880,119760,Transfer
TXN000811,CUST040,UMKM010,BAT042,2023-12-10,3,164985,494955,E-wallet
TXN000812,CUST277,UMKM007,BAT021,2023-12-05,2,79451,158902,Credit Card
TXN000813,CUST264,UMKM018,BAT030,2023-12-17,1,138259,138259,COD
TXN000814,CUST265,UMKM019,BAT012,2023-12-18,2,300149,600298,Transfer
TXN000815,CUST240,UMKM018,BAT018,2023-12-26,3,497988,1493964,Credit Card
TXN000816,CUST290,UMKM002,BAT041,2023-12-08,3,492869,1478607,Transfer
TXN000817,CUST237,UMKM008,BAT010,2023-12-24,1,378235,378235,E-wallet
TXN000818,CUST223,UMKM011,BAT027,2023-12-24,1,423907,423907,Transfer
TXN000819,CUST212,UMKM010,BAT018,2023-12-05,3,497988,1493964,Transfer
TXN000820,CUST121,UMKM008,BAT026,2023-12-03,1,120678,120678,Transfer
TXN000821,CUST015,UMKM010,BAT016,2023-12-14,2,136474,272948,Credit Card
TXN000822,CUST224,UMKM002,BAT028,2023-12-05,1,62363,62363,Transfer
TXN000823,CUST070,UMKM009,BAT002,2023-12-17,2,429372,858744,Transfer
TXN000824,CUST022,UMKM001,BAT032,2023-12-07,1,75112,75112,COD
TXN000825,CUST153,UMKM014,BAT005,2023-12-09,2,288704,577408,COD
TXN000826,CUST072,UMKM004,BAT016,2023-12-13,3,136474,409422,COD
TXN000827,CUST298,UMKM009,BAT034,2023-12-04,2,59880,119760,COD
TXN000828,CUST063,UMKM011,BAT021,2023-12-22,3,79451,238353,Credit Card
TXN000829,CUST121,UMKM007,BAT028,2023-12-02,1,62363,62363,COD
TXN000830,CUST110,UMKM015,BAT018,2023-12-24,2,497988,995976,E-wallet
TXN000831,CUST029,UMKM018,BAT032,2023-12-07,2,75112,150224,COD
TXN000832,CUST280,UMKM016,BAT028,2023-12-05,3,62363,187089,Transfer
TXN000833,CUST075,UMKM016,BAT024,2023-12-23,3,58834,176502,E-wallet
TXN000834,CUST158,UMKM020,BAT002,2023-12-19,1,429372,429372,COD
TXN000835,CUST123,UMKM018,BAT017,2023-12-17,2,288326,576652,E-wallet
TXN000836,CUST186,UMKM004,BAT044,2023-12-24,3,74356,223068,Transfer
TXN000837,CUST227,UMKM001,BAT025,2023-12-06,2,362391,724782,E-wallet
TXN000838,CUST047,UMKM010,BAT016,2023-12-26,1,136474,136474,Transfer
TXN000839,CUST225,UMKM011,BAT041,2023-12-22,3,492869,1478607,Credit Card
TXN000840,CUST018,UMKM003,BAT018,2023-12-20,2,497988,995976,Credit Card
TXN000841,CUST212,UMKM014,BAT022,2023-12-19,1,445207,445207,Transfer
TXN000842,CUST134,UMKM003,BAT033,2023-12-16,2,105296,210592,Credit Card
TXN000843,CUST281,UMKM015,BAT021,2023-12-21,3,79451,238353,COD
TXN000844,CUST027,UMKM006,BAT042,2023-12-22,3,164985,494955,Credit Card
TXN000845,CUST070,UMKM013,BAT001,2023-12-07,1,404700,404700,E-wallet
TXN000846,CUST295,UMKM004,BAT006,2023-12-13,1,488932,488932,Transfer
TXN000847,CUST067,UMKM014,BAT039,2023-12-12,2,295691,591382,Credit Card
TXN000848,CUST069,UMKM006,BAT017,2023-12-22,3,288326,864978,E-wallet
TXN000849,CUST145,UMKM003,BAT013,2023-12-02,2,64662,129324,E-wallet
TXN000850,CUST202,UMKM019,BAT025,2023-11-27,1,362391,362391,COD
TXN000851,CUST286,UMKM020,BAT042,2023-12-26,3,164985,494955,Transfer
TXN000852,CUST046,UMKM007,BAT030,2023-11-28,2,138259,276518,Transfer
TXN000853,CUST206,UMKM014,BAT040,2023-12-01,3,74890,224670,E-wallet
TXN000854,CUST046,UMKM006,BAT024,2023-11-27,3,58834,176502,COD
TXN000855,CUST270,UMKM015,BAT028,2023-11-30,3,62363,187089,Credit Card
TXN000856,CUST115,UMKM007,BAT014,2023-12-20,2,81571,163142,E-wallet
TXN000857,CUST254,UMKM005,BAT025,2023-12-16,2,362391,724782,Transfer
TXN000858,CUST111,UMKM007,BAT019,2023-12-10,2,381714,763428,Transfer
TXN000859,CUST075,UMKM010,BAT002,2023-12-16,2,429372,858744,Transfer
TXN000860,CUST231,UMKM012,BAT016,2023-11-29,3,136474,409422,Credit Card
TXN000861,CUST006,UMKM005,BAT031,2023-12-18,2,102772,205544,Credit Card
TXN000862,CUST109,UMKM014,BAT025,2023-11-29,3,362391,1087173,E-wallet
TXN000863,CUST049,UMKM002,BAT036,2023-12-26,1,71798,71798,E-wallet
TXN000864,CUST121,UMKM012,BAT031,2023-11-27,3,102772,308316,COD
TXN000865,CUST130,UMKM020,BAT033,2023-12-09,2,105296,210592,E-wallet
TXN000866,CUST190,UMKM018,BAT009,2023-12-05,1,281225,281225,Transfer
TXN000867,CUST087,UMKM016,BAT033,2023-12-01,2,105296,210592,Credit Card
TXN000868,CUST046,UMKM017,BAT021,2023-12-05,2,79451,158902,Transfer
TXN000869,CUST060,UMKM002,BAT021,2023-12-24,1,79451,79451,Credit Card
TXN000870,CUST144,UMKM014,BAT024,2023-12-16,2,58834,117668,E-wallet
TXN000871,CUST136,UMKM011,BAT034,2023-12-07,2,59880,119760,Transfer
TXN000872,CUST252,UMKM018,BAT010,2023-11-28,3,378235,1134705,Credit Card
TXN000873,CUST097,UMKM002,BAT010,2023-11-28,1,378235,378235,Transfer
